Isad311Référence;Isad312Intitulé;Isad313Dates;Isad313DatesNormees;Isad315ImportanceMatérielle;Isad321NomProducteur;CategorieFonds;TypeInstrumentRecherche;url
CH BGE Non catalogué (1998/014);Papiers Jean-Marie Pastor;20e s.;1980/1998;2.2 m.;Pastor, Jean-Marie (né en 1953);Personnes et familles;Normal;https://archives.bge-geneve.ch/ark:/17786/vtadae147c0a6bad13c
CH BGE Ms. fr. 2391-2460;Archives de la famille Claparède;15e - 20e s.;1400/1999;3.5 m.;Claparède, famille;Personnes et familles;Normal;https://archives.bge-geneve.ch/ark:/17786/vta7ecd6d786950e4b4
CH BGE Non catalogué (2006/016);Papiers Richard Simon;20e - 21e s.;1900/2099;2 m.;Simon, Richard (1959-2001);Personnes et familles;Normal;https://archives.bge-geneve.ch/ark:/17786/vta959ba4c08e0d5e66
CH BGE Ms. fr. 6967-6975;Archives de la Société d'établissement des orphelines protestantes de Genève;1828-1945;1828/1945;1.42 ml [8 cartons];Société d'établissement des orphelines protestantes de Genève;Collectivités;Normal;https://archives.bge-geneve.ch/ark:/17786/vta114124573c8d0ba7
CH BGE Ms. fr. 7086-7159;Fonds Ella Maillart;20e s.;1900/1999;10 m.l.;Maillart, Ella (1903-1997);Personnes et familles;Normal;https://archives.bge-geneve.ch/ark:/17786/vta93fadf192b588e45
CH BGE Ms. fr. 1401-1402;Papiers Samuel Vaucher-Crémieux;1772-1899;1772/1899;0.1 m.;Vaucher-Crémieux, Samuel (1798-1877);Personnes et familles;Normal;https://archives.bge-geneve.ch/ark:/17786/vta6b29b122005e923e
CH BGE Ms. fr. 611-630;Papiers Firmin Abauzit;17e s. - 18e s.;1600/1799;0.3 m.;Abauzit, Firmin (1679-1767);Personnes et familles;Normal;https://archives.bge-geneve.ch/ark:/17786/vtaa19be584883eebc3
CH BGE Arch. Max van Berchem 1-38;Correspondance Max van Berchem;1878-1978;1878/1978;2.7 m;Berchem, Max van (1863-1921);Personnes et familles;Normal;https://archives.bge-geneve.ch/ark:/17786/vta2cf76495bf66ab16
CH BGE Non catalogué (2005/042, 2007/045);Fonds Gabriel Mützenberg;20e s.;1930/1999;14 m.;Mützenberg, Gabriel (1919-2003);Personnes et familles;Normal;https://archives.bge-geneve.ch/ark:/17786/vta53bdef83b8c1a069
"CH BGE Non catalogué (2016/27; 2018/14)";Papiers François Bartholoni;19e-20e siècle;1800/1999;2 m;Bartholoni, François (1796-1881);Personnes et familles;Normal;https://archives.bge-geneve.ch/ark:/17786/vta61231bfa6c871a9f
"CH BGE Ms. fr. 201-206, 215-250; Ms. fr. 7252-7260 et cotes diverses. Ms. R. (propriété de la Société J.-J Rousseau)";Collection des manuscrits de Jean-Jacques Rousseau;1722-1807;1722/1807;1.2 m.;Rousseau, Jean-Jacques (1712-1778);Personnes et familles;Normal;https://archives.bge-geneve.ch/ark:/17786/vtac4d10e1e493b2200
CH BGE Ms. fr. 2188-2192, Ms. l. e. 271;Correspondance de Carl Vogt;1814-1913;1814/1913;5 volumes + 1 carton;Vogt, Carl (1817-1895);Personnes et familles;Normal;https://archives.bge-geneve.ch/ark:/17786/vta5df4f7ebfbcc72e2
CH BGE non catalogué (1943);Papiers Jean-Jacques Rigaud;18e - 19e s.;1700/1899;0.4 m.;Rigaud, Jean-Jacques (1785-1854);Personnes et familles;Normal;https://archives.bge-geneve.ch/ark:/17786/vta5e0ef31870ffadc1
CH BGE Ms. fr. 4961-4969, 5156-5180;Papiers Georges Cattaui;1889-1974;1889/1974;2.8 m;Cattaui, Georges (1896-1974);Personnes et familles;Normal;https://archives.bge-geneve.ch/ark:/17786/vtaa48167690336cc76
CH BGE Non catalogué (1955/006);Papiers Charles Vellay;19e - 20e s.;1800/1999;1.7 m.;Vellay, Charles (1876-1953);Personnes et familles;Normal;https://archives.bge-geneve.ch/ark:/17786/vtae9650387cf12de5e
CH BGE Ms. fr. 4450-4464;Papiers Albertine Necker-de Saussure;18e - 19e s.;1773/1881;0.5 m;Necker, Albertine, née de Saussure (1766-1841);Personnes et familles;Normal;https://archives.bge-geneve.ch/ark:/17786/vtad3c0caa4488eacbc
CH BGE Non catalogué (2013/33);Papiers Francis Andruet;circa 1958-1997;1958/1997;0.3 m;Andruet, Francis (1923- );Personnes et familles;Normal;https://archives.bge-geneve.ch/ark:/17786/vtaac06131d2d60ff2b
CH BGE Non catalogué (2005/39, 2016/8, 2019/1, 2020/33);Papiers Henry Mottu;20e s.;1977/1999;0.1 m.;Mottu, Henry (né en 1939);Personnes et familles;Normal;https://archives.bge-geneve.ch/ark:/17786/vtae75d1da3f35462da
CH BGE Ms. suppl. 1081-1133;Collection Léonard Bourdillon;1309-1817;1309/1817;1.1 m;Bourdillon, Léonard (1725-1802);Personnes et familles;Normal;https://archives.bge-geneve.ch/ark:/17786/vta18e377285e77a1dc
CH BGE Non catalogué (1998/003);Papiers Ernst Wiederkher;20e - 21es.;1900/2099;0.3 m.;Wiederkher, Ernst (né en 1921);Personnes et familles;Normal;https://archives.bge-geneve.ch/ark:/17786/vtadac29638aa054f5e
CH BGE Ms. fr. 7240-7249;Papiers Frank Duperrut;18e - 19e s.;1801/1999;0.7 m;Duperrut, Frank (1862-1910);Personnes et familles;Normal;https://archives.bge-geneve.ch/ark:/17786/vta4062cdc80383c5e9
CH BGE Ms. fr. 8192-8193;Papiers Colette de Veyrac, Swiss American Friends of Music;1948-1953;1948/1953;0,15 m, 2 cartons;Colette de Veyrac (1907-1992);Personnes et familles;Normal;https://archives.bge-geneve.ch/ark:/17786/vta1c0b77bb7dfc26a6
CH BGE Ms. fr. 4279-4295;Papiers Edouard Martinet;20e s.;1900/1950;1.3 m;Martinet, Edouard (1896-1962);Personnes et familles;Normal;https://archives.bge-geneve.ch/ark:/17786/vtac39a1a4605599383
CH BGE Ms. Cramer 1-180;Papiers Jean Cramer;18e s.;1700/1799;4.5 m.;Cramer, Jean (1701-1773);Personnes et familles;Description linéaire;https://archives.bge-geneve.ch/ark:/17786/vtaa55b911a3aa0b401
CH BGE non catalogué (2017/11, 2019/17);Papiers Alexandre Trifu;seconde partie du XXe siècle-début XXIe siècle;1970/2015;0,5 ml.;Trifu, Alexandre (1942-);Personnes et familles;Normal;https://archives.bge-geneve.ch/ark:/17786/vta4c43cb7c6106f3cb
CH BGE Ms. Briquet 1-84;Papiers Charles-Moïse Briquet;1885-1909;1885/1909;4.9 m.;Briquet, Charles-Moïse (1839-1918);Personnes et familles;Normal;https://archives.bge-geneve.ch/ark:/17786/vta71f79c0752a3f098
"CH BGE Non catalogué (2010/33; 2012/40)";Papiers Jean Herbert;circa 1940-1970;1940/1970;5.5 m;Herbert, Jean (1897-1980);Personnes et familles;Normal;https://archives.bge-geneve.ch/ark:/17786/vtaa4711b1297f84c0b
CH BGE Ms. Moroy 1-59;Papiers Elie Moroy;18e-20e s.;1700/1965;4.5 m;Moroy, Elie (1892-1965);Personnes et familles;Normal;https://archives.bge-geneve.ch/ark:/17786/vta935081d91c1e1d17
CH BGE Arch. F. Chaponnière A-Z;Archives Francis Chaponnière;19e - 20e s.;1800/1999;8.1 m;Chaponnière, Francis (1842-1924);Personnes et familles;Normal;https://archives.bge-geneve.ch/ark:/17786/vta26e0ac0a40c083b5
CH BGE Ms. fr. 3801-3870 bis;Papiers Théophile Dufour;1863-1934;1863/1934;5.6 m.l.;Dufour, Théophile (1844-1922);Personnes et familles;Normal;https://archives.bge-geneve.ch/ark:/17786/vta015edbc6b0b0e08f
CH BGE Non catalogué (1997/050);Papiers Auguste Dide;19e - 20e s.;1800/1920;0.2 m.;Dide, Auguste (1839-1918);Personnes et familles;Normal;https://archives.bge-geneve.ch/ark:/17786/vta8131b2adc03e3bd1
CH BGE Ms. fr. 3287-3290, 4151-4163;Papiers Louis Odier;18e - 19e s.;1765/1831;0.6 m.;Odier, Louis (1748-1817);Personnes et familles;Normal;https://archives.bge-geneve.ch/ark:/17786/vtacef6d1f36793fb7c
CH BGE Ms. fr. 6961-6966;Archives de la Société d'aumônes;1828-1945;1828/1945;0.5 m.l.;Société d'aumônes (Genève);Collectivités;Normal;https://archives.bge-geneve.ch/ark:/17786/vtaf18787ac740a4575
CH BGE Ms. fr. 1803-1805;Papiers David Chauvet;18e - 19e s.;1000/1899;0.1 m.;Chauvet, David (1738-1803);Personnes et familles;Normal;https://archives.bge-geneve.ch/ark:/17786/vtac2a337ac4b67f6a2
CH BGE Ms. fr. 1769-1771;Manuscrits Raoul Privat;20e s.;1900/1999;0.3 m.;Privat, Raoul;Personnes et familles;Normal;https://archives.bge-geneve.ch/ark:/17786/vtafe1ef7467753151d
"CH BGE Non catalogué (2011/6; 2012/27)";Papiers Alain-Pierre Pillet;circa 1960-2009;1960/2009;0.7 m;Pillet, Alain-Pierre (1947-2009);Personnes et familles;Normal;https://archives.bge-geneve.ch/ark:/17786/vta7c31b6e4617f74bf
CH BGE Ms. fr. 8024-8026;Papiers Isabelle Martin-Mallet;1914-1952;1914/1952;0.2 m;Martin, Isabelle, née Mallet (1880-1962);Personnes et familles;Normal;https://archives.bge-geneve.ch/ark:/17786/vtadc2eb8dce0bbe346
CH BGE Ms. fr. 6131-6155;Papiers Henri-Léonard Bordier;1810 - 1921;1810/1921;1.8 m.;Bordier, Henri-Léonard (1817-1888);Personnes et familles;Normal;https://archives.bge-geneve.ch/ark:/17786/vtad81e6e197dd54398
CH BGE Ms. fr. 5844-5857;Papiers David Tissot;1835-1900;1835/1900;1.3 m;Tissot, David (1824-1900);Personnes et familles;Normal;https://archives.bge-geneve.ch/ark:/17786/vtab9606630cbedc474
CH BGE Ms. fr. 7647-7649;Notes de cours de Théophile Geisendorf;1891-1918;1891/1918;0.3 m;Geisendorf, Théophile (1874-1953);Personnes et familles;Normal;https://archives.bge-geneve.ch/ark:/17786/vta2fb4862ae2fdc74e
CH BGE non catalogué (1991/008, 1994/023);Papiers Robert H. Graf;20e s.;1900/1999;2 m.;Graf, Robert H. (20e s.);Personnes et familles;Normal;https://archives.bge-geneve.ch/ark:/17786/vta826a7772b1364723
CH BGE Non catalogué (1995/013);Papiers Camylle Hornung;20e s.;1900/1999;0.9 m.;Hornung, Camylle (1902-1995);Personnes et familles;Normal;https://archives.bge-geneve.ch/ark:/17786/vta34cc2be9f49a547d
CH BGE Non catalogué (2013/34);Papiers Pierre Duvernay;1955-1995;1955/1995;0.8 m;Duvernay, Pierre (1930-);Personnes et familles;Normal;https://archives.bge-geneve.ch/ark:/17786/vta9150f4328f809285
"CH BGE Non catalogué (2014/7; 2016/31)";Papiers Béatrice Perregaux;1950-2000;1950/2000;2 m;Perregaux, Béatrice (1937-1998);Personnes et familles;Normal;https://archives.bge-geneve.ch/ark:/17786/vtaaeb5f3be6a6b41c9
CH BGE Ms. Edmond Pictet (dépôt de la SHAG);Papiers Edmond Pictet;19e s.;1850/1899;0.7 m.;Pictet, Edmond (1835-1901);Personnes et familles;Normal;https://archives.bge-geneve.ch/ark:/17786/vtafaab7784dffe1ba2
BGE FOBB;Archives de la Fédération des ouvriers du bois et du bâtiment de Genève, section Bois;1814-1948. Hormis deux pièces datant de 1948, le fonds concerne les années 1814-1922;1814/1948;0.4 m.;Chambre syndicale et internationale des ouvriers menuisiers de Genève et Chambre syndicale des ouvriers tapissiers de Genève. Ces organisations précèdent la Fédération des ouvriers du bois et du bâtiment (FOBB);Collectivités;Normal;https://archives.bge-geneve.ch/ark:/17786/vtab85402faa459625c
CH BGE Non catalogué (1985/16, 2013/3);Papiers Ernst Stueckelberg de Breidenbach;20e siècle;1900/1999;3.5 m;Stueckelberg de Breidenbach, Ernst (1905-1984);Personnes et familles;Normal;https://archives.bge-geneve.ch/ark:/17786/vtab43868090c2bed49
"Ms. fr. 8045 - 8123; non catalogué (2012/26, 2013/27)";Fonds Armand Borel;1942-2004;1942/2004;7.4 m.;Borel, Armand (1923-2003);Personnes et familles;Normal;https://archives.bge-geneve.ch/ark:/17786/vta3e16683f330a83f3
CH BGE Ms. suppl. 1786-1810;Papiers Charles-Louis Longchamp;1840-1937;1840/1937;1.65 m;Longchamp, Charles-Louis(-Jacques) (1802-1874);Personnes et familles;Normal;https://archives.bge-geneve.ch/ark:/17786/vta9bf7a7a809080922
CH BGE Ms. fr. 8393-8394;Papiers Alfred Favier;1902-1918;1902/1918;0.2 m.;Favier, Alfred (1864-1961);Personnes et familles;Normal;https://archives.bge-geneve.ch/ark:/17786/vta1f2acb31c20bb387
CH BGE Non catalogué (1996/008, 2002/027);Papiers René Schaerer;20e s.;1900/1999;3.5 m;Schaerer, René (1901-1995);Personnes et familles;Normal;https://archives.bge-geneve.ch/ark:/17786/vta64c045a1b3d77796
CH BGE Ms. fr. 1512-1516, 1599, 1999;Papiers Léopold Gautier;4 janvier [1894?]-1971;1894/1971;0.3 m.;Gautier, Léopold (1884-1973);Personnes et familles;Normal;https://archives.bge-geneve.ch/ark:/17786/vta8cc4a8cd636da030
CH BGE Ms. fr. 6871-6928;Papiers Robert Esnault-Pelterie;1857-1959;1857/1959;5.6 m;Esnault-Pelterie, Robert (1881-1957);Personnes et familles;Normal;https://archives.bge-geneve.ch/ark:/17786/vtacf536ff714fa6f64
"CH BGE Ms. fr. 1783, 1824 ; non catalogué (1995/32, 1997/33)";Papiers Sven Stelling-Michaud;20e s.;1900/1999;3.4 m;Stelling-Michaud, Sven (1905-1986);Personnes et familles;Normal;https://archives.bge-geneve.ch/ark:/17786/vta5f196aa0889cfe04
CH BGE Non catalogué (1957/039, 2000/024);Papiers Ellen Reibold de la Tour;19e - 20e s.;1800/1999;7.6 m.;Reibold de la Tour, Ellen Léopoldine Mary (1882-1986);Personnes et familles;Normal;https://archives.bge-geneve.ch/ark:/17786/vtadf6ef3e23581a02c
CH BGE Ms. fr. 6981-7080bis, 7859-7860;Papiers Marcel Raymond;1905-1987;1905/1987;6.2 m;Raymond Marcel (1897-1981);Personnes et familles;Normal;https://archives.bge-geneve.ch/ark:/17786/vta8acb153526e40538
CH BGE Ms. fr. 5723-5724;Papiers Regny-Castellini;1732-1879;1732/1879;0.2 m;Regny-Castellini, famille (18e - 19e s.);Personnes et familles;Normal;https://archives.bge-geneve.ch/ark:/17786/vta86e9090788f61131
CH BGE Ms. fr. 8294-8391;Papiers des familles de Morsier, Naville et Claparède;1784-1997;1784/1997;7.7 m;Famille de Morsier, Naville et Claparède;Personnes et familles;Normal;https://archives.bge-geneve.ch/ark:/17786/vta1b28edb775f2ed71
CH BGE Non catalogué (2013/16);Papiers Eric Fuchs;1981-2009;1981/2009;0.2 m;Fuchs, Eric (1932 - );Personnes et familles;Normal;https://archives.bge-geneve.ch/ark:/17786/vta8bc10858eb053bcb
CH BGE Non catalogué (1978/002, 1979/038, 1988/033);Papiers Jacques Urbain;20e - 21e s.;1900/2099;0.3 m.;Urbain, Jacques;Personnes et familles;Normal;https://archives.bge-geneve.ch/ark:/17786/vtad0f629f628c593d0
CH BGE Ms. fr. 3155-3165;Manuscrits Claudius Fontaine-Borgel;1850-1900 et sans date;1850/1900;0.7 m;Fontaine-Borgel, Claudius (1838-1900);Personnes et familles;Normal;https://archives.bge-geneve.ch/ark:/17786/vtab2892d9cfeb0aa85
CH BGE Ms. fr. 5401-5420;Papiers Charles Eggimann;1853-1946;1853/1946;1.1 m;Eggimann, Charles (1863-1948);Personnes et familles;Normal;https://archives.bge-geneve.ch/ark:/17786/vta77de8312553082e9
CH BGE Ms. fr. 3615-3622;Papiers Frédéric-Alexandre-Marie Jeanneret, dit abbé Jeanneret;1414-1781;1414/1781;0.2 m;Jeanneret, Frédéric-Alexandre-Marie;Personnes et familles;Normal;https://archives.bge-geneve.ch/ark:/17786/vta87b222856ae0ecbc
CH BGE Ms. fr. 2491-2502;Papiers Frédéric Soret;1829-1864;1829/1864;0.40 m.;Soret, Frédéric (1795-1865);Personnes et familles;Normal;https://archives.bge-geneve.ch/ark:/17786/vtadacfb8721daae8b0
CH BGE Ms. fr. 1227-1230;Papiers Henri Reverdin;1889-1966;1889/1966;0.3 m.;Reverdin, Henri (1880-1975);Personnes et familles;Normal;https://archives.bge-geneve.ch/ark:/17786/vtab578a48a213d8de7
CH BGE Ms. fr. 1833-1834;Papiers Manfred Schenker;1906-1959;1906/1959;0.2 m;Schenker, Manfred (1883-1970);Personnes et familles;Normal;https://archives.bge-geneve.ch/ark:/17786/vta833227b249866daf
CH BGE Arch. Belles-Lettres 0, 1-247;Société de Belles-Lettres (Genève);1799 - 1974;1799/1974;11 m;Société de Belles-Lettres (Genève);Collectivités;Normal;https://archives.bge-geneve.ch/ark:/17786/vta2e0a8b9e68366dce
CH BGE Non catalogué (2004/003);Papiers Pierre Bouru;1949-2001;1949/2001;1.5 m.;Bouru, Pierre (né en 1928);Personnes et familles;Normal;https://archives.bge-geneve.ch/ark:/17786/vta8111493c73664298
CH BGE Ms. fr. 1531-1535;Papiers Giovanni Gambini;18e - 19e s.;1700/1899;0.3 m.;Gambini, Giovanni (1762-1842);Personnes et familles;Normal;https://archives.bge-geneve.ch/ark:/17786/vta4ab0365813dad5cc
CH BGE Ms. fr. 1825-1887;Papiers Charles Giron;1857-1945;1857/1945;0.2 m;Giron, Charles (1850-1914);Personnes et familles;Normal;https://archives.bge-geneve.ch/ark:/17786/vtadd9efa53959dfeaf
CH BGE Ms. fr. 1603-1610;Papiers Gustave Rochette;1874-1893;1874/1893;0.3 m.;Rochette, Gustave (1828-1895);Personnes et familles;Description linéaire;https://archives.bge-geneve.ch/ark:/17786/vtaf36d79313ff94edb
CH BGE Ms. fr. 1630-1632;Collection d'autographes de Burkhard Reber;1871-1918;1871/1918;0.3 m.;Reber, Burkhard (1848-1926);Personnes et familles;Normal;https://archives.bge-geneve.ch/ark:/17786/vtaa2affb5e64cab052
CH BGE Ms. fr. 2311-2326;Archives de la famille De la Rive;1680-1920;1680/1920;1.5 m.;De la Rive, famille (18e-20e sècle);Personnes et familles;Normal;https://archives.bge-geneve.ch/ark:/17786/vta866397e1903bbe9a
CH BGE Ms. fr. 3601-3606;Papiers de la famille de Bieux;1271-1815;1271/1815;0.3 m.;Bieux, famille de;Personnes et familles;Normal;https://archives.bge-geneve.ch/ark:/17786/vtaf8fda40718e49e75
CH BGE Ms. fr. 6321-6355;Papiers Kikou Yamata;19e - 20e s.;1800/1999;2 m.;Yamata, Kikou (1897-1975);Personnes et familles;Normal;https://archives.bge-geneve.ch/ark:/17786/vta6ba33bb21d69f8a6
CH BGE Ms. fr. 5951-6074, 7510-7542, non catalogué (2017/4);Papiers Charles Baudouin;19e - 21e s.;1800/2003;14 m.;Baudouin, Charles (1893-1963);Personnes et familles;Normal;https://archives.bge-geneve.ch/ark:/17786/vtab374637d1adcc11b
"CH BGE Non catalogué (1996/032; 2012/009)";Fonds François Le Coultre;20e s.;1900/1999;2.5 m;Le Coultre, François (20e s.);Personnes et familles;Normal;https://archives.bge-geneve.ch/ark:/17786/vta75b8acbb7068f6ff
CH BGE Ms. fr. 1135, 1713-1715;Papiers Théophile Geisendorf;1894-1920;1894/1920;0.2 m;Geisendorf, Théophile (1874-1953);Personnes et familles;Normal;https://archives.bge-geneve.ch/ark:/17786/vtaa5fe47bcfa81ec7c
CH BGE Ms. Comp. des pasteurs 1041-1243;Archives et manuscrits de la Compagnie des pasteurs;1707-2010;1707/2010;17 ml. (202 cartons);Consistoire, Compagnie des pasteurs, paroisses, Sociétés, Faculté de thélogie, pasteurs, personnes tiers;Collectivités;Normal;https://archives.bge-geneve.ch/ark:/17786/vtafdc887886461374c
CH BGE Ms. fr. 4101-4150;Papiers Charles d'Eternod;1871-1955;1871/1955;2.5 m;Eternod, Charles d' (1890-1953);Personnes et familles;Normal;https://archives.bge-geneve.ch/ark:/17786/vta79551b3951298f63
CH BGE Ms. fr. 1509-1511;Papiers Denys Droin;1940-1980;1940/1980;0.3 m;Droin, Denys (1904-1980);Personnes et familles;Normal;https://archives.bge-geneve.ch/ark:/17786/vta5615b75c67b4b706
"CH BGE Ms. Mallet (dépôt de la SHAG); Ms. fr. 3141-3151";Papiers Edouard Mallet;1409-1938;1409/1938;0.7 m;Mallet, Edouard (1805-1856);Personnes et familles;Normal;https://archives.bge-geneve.ch/ark:/17786/vta57d139b2db581d50
CH BGE Non catalogué (2004/018);Papiers Robert Martin-Achard;20e s.;1950/1999;0.6 m.;Martin-Achard, Robert (1919-1999);Personnes et familles;Normal;https://archives.bge-geneve.ch/ark:/17786/vtadf76e3dd4b1a6d65
CH BGE Ms. fr. 1064, 4935-4956, 9190-9192;Papiers Joseph Duvillard;19e;1800/1888;2,2 m;Duvillard, Joseph (1836-1920);Personnes et familles;Normal;https://archives.bge-geneve.ch/ark:/17786/vta14a100d198a1a535
CH BGE Non catalogué (2011/24);Papiers Alfred Berchtold;1950-2008;1950/2008;1.8 m;Berchtold, Alfred (1925- );Personnes et familles;Normal;https://archives.bge-geneve.ch/ark:/17786/vta38c2d66078136bfe
"CH BGE Ms. fr. 3261-3279; Ms. suppl. 464-465, 636, 1318";Papiers Jean-Aimé Gaudy-Le Fort;1803-1841 et sans date;1803/1841;0.6 m.;Gaudy-Le Fort, Jean-Aimé (1773-1850);Personnes et familles;Normal;https://archives.bge-geneve.ch/ark:/17786/vtac8da2d4d07a6c4ef
CH BGE Ms. fr. 7181-7196;Papiers John Gaillard;19e - 20e s.;1800/1999;1.2 m;Gaillard, John (1867-1948);Personnes et familles;Normal;https://archives.bge-geneve.ch/ark:/17786/vta7ba8785ee00880e0
CH BGE Ms. fr. 2980-2994;Correspondance Louis Duchosal;1873-1903;1873/1903;0.63 m;Duchosal, Louis (1862-1901);Personnes et familles;Normal;https://archives.bge-geneve.ch/ark:/17786/vta23e7215ae9c9bf61
CH BGE Ms. fr. 1374, 4068-4070;Papiers Jules Cougnard;1857-1907;1857/1907;0.3 m;Cougnard, Jules (1855-1937);Personnes et familles;Normal;https://archives.bge-geneve.ch/ark:/17786/vta99a0bb0183d2a546
CH BGE Ms. fr. 1759;Papiers de l'Association pour un Hymne National Suisse;1920-1931;1920/1931;1 carton;Association pour un Hymne National Suisse (fondée en 1931);Collectivités;Description linéaire;https://archives.bge-geneve.ch/ark:/17786/vta5c5925e7780cf079
"CH BGE Non catalogué 2008/23; 2009/38; 2014/22";Papiers Charles Borgeaud;19e - 20e s.;1800/1999;8 m;Borgeaud, Charles (1861-1940);Personnes et familles;Normal;https://archives.bge-geneve.ch/ark:/17786/vta1e395a41dcfe89a7
CH BGE Non catalogué (2005/017);Archives de la famille Roehrich;19e - 20es.;1800/1999;0.2 m.;Roehrich, famille (19e - 20e s.);Personnes et familles;Normal;https://archives.bge-geneve.ch/ark:/17786/vta4d9e5dfaf5f23085
CH BGE Ms. fr. 1634-1643;Papiers Adolphe Boissier;1820-1824;1820/1824;0.2 m.;Boissier, Adolphe (1796-1856);Personnes et familles;Normal;https://archives.bge-geneve.ch/ark:/17786/vta2b19f23b8827cf1e
CH BGE Ms. fr. 5181-5188, 9027;Papiers Maurice Kues;1934-1961;1934/1961;0.5 m;Kues, Maurice (1890-1959);Personnes et familles;Normal;https://archives.bge-geneve.ch/ark:/17786/vta9ede8abbcbd11cc5
CH BGE Non catalogué (2008/027);Archives de la famille Vieusseux-Masset;18e - 20e s.;1700/1999;4 m.;Vieusseux-Masset, famille (18e - 20e s.);Personnes et familles;Normal;https://archives.bge-geneve.ch/ark:/17786/vtad5632f56d79edad8
CH BGE Ms. fr. 3607-3612;Papiers de Bons, branche de Farges;1550 - 1800 et 1ère partie du 20e siècle;1550/1800;0.3 m.;Bons, famille de, branche de Farges;Personnes et familles;Normal;https://archives.bge-geneve.ch/ark:/17786/vtaec6b32e5cc89d596
CH BGE Ms. fr. 7198-7205;Papiers François Magnin, dit comte Francis Magnin de Collogny de Carriero;19e s.;1832/1876;0.6 m;Magnin, François;Personnes et familles;Normal;https://archives.bge-geneve.ch/ark:/17786/vta1c2d496edd17c4c0
"CH BGE Non catalogué (1945/011; 2011/018)";Archives de la famille Fatio;16e - 19e s.;1500/1899;13 m;Fatio, famille (16e - 20e s.);Personnes et familles;Normal;https://archives.bge-geneve.ch/ark:/17786/vtad05632d1927ebec1
CH BGE Non catalogué (2000/19, 2001/23, 2002/23, 2008/30, 2009/10, 2017/16, 2018/12);Archives de la famille Dériaz;20e - début 21e s.;1900/2009;3.7 m.;Dériaz, famille (20e s.);Personnes et familles;Normal;https://archives.bge-geneve.ch/ark:/17786/vta2a01196324c3c27f
CH BGE Ms. fr. 4031-4039 bis;Papiers René-Edouard Claparède;19e s.;1800/1899;0.3 m.;Claparède, René-Edouard (1832-1871);Personnes et familles;Normal;https://archives.bge-geneve.ch/ark:/17786/vtaa8d82af8efbcecbc
CH BGE dépôt non catalogué (1964/10 et al.);Papiers Louis-James Choisy;19e - 20e s.;1800/1999;1.7 m.;Choisy, Louis-James (1831-1911);Personnes et familles;Normal;https://archives.bge-geneve.ch/ark:/17786/vta660ecfb418e64c8b
CH BGE Non catalogué 2016/26;Papiers Pierre Vaucher;19e-20e siècle;1800/1999;1 m.l.;Vaucher, Pierre (1833-1898);Personnes et familles;Normal;https://archives.bge-geneve.ch/ark:/17786/vtaf8dab0bc9f6e7102
CH BGE Ms. fr. 5727-5729;Papiers Edouard Schneider;1921-1960;1921-1960;0.23 m;Schneider, Edouard (1880-1960);Personnes et familles;Normal;https://archives.bge-geneve.ch/ark:/17786/vta01a39b4f9b0d6fe1
CH BGE Ms. fr. 4270-4278;Papiers Jean Hercourt;1900-1964;1900/1964;0.7 m;Hercourt, Jean (1912-1965);Personnes et familles;Normal;https://archives.bge-geneve.ch/ark:/17786/vtaaf6021adc5d01611
"CH BGE Ms. fr. 9068; non catalogué (1996/018, 1997/017, 1997/040, 1998/008, 1998/030, 1999/017, 1999/039, 2000/015, 2001/004, 2001/020, 2001/029, 2001/031, 2002/007, 2002/019, 2002/030, 2002/049, 2003/003, 2003/033, 2003/059, 2004/052, 2005/025, 2005/029 2005/050, 2005/056, 2008/009, 2009/009, 2011/015, 2011/031, 2011/032, 2012/002, 2016/11)";Fonds Georges Haldas;20e - 21e s.;1900/2020;30 m;Haldas, Georges (1917-2010);Personnes et familles;Normal;https://archives.bge-geneve.ch/ark:/17786/vta27a601d8a24bdb23
BGE CH Ms. fr. 4891-4930;Papiers Albert Rheinwald;19e - 20e s.;1800/1999;3.2 m;Rheinwald, Albert (1882-1966);Personnes et familles;Normal;https://archives.bge-geneve.ch/ark:/17786/vta1982d16ec81b5f08
CH BGE Non catalogué (1959/32);Fonds Jean-Joseph Martin;19e - 20e s.;1850/1932;10 m.;Martin, Jean-Joseph (1864-1932);Personnes et familles;Normal;https://archives.bge-geneve.ch/ark:/17786/vta04214644fb5bea14
CH BGE Arch. Noverraz 1-188;Fonds Henri Noverraz;1927-2002;1927/2002;17.5 m;Noverraz, Henri, dit Noverre (1915-2002);Personnes et familles;Normal;https://archives.bge-geneve.ch/ark:/17786/vta16f1a255a06dd280
"CH BGE Ms. fr. 1046, 9120; non catalogué";Papiers Jean-Daniel Blavignac;1845-1859;1845/1859;4.1 m.;Blavignac, Jean-Daniel (1817-1876);Personnes et familles;Normal;https://archives.bge-geneve.ch/ark:/17786/vta3d074e54fb504688
CH BGE Ms. fr. 1995;Papiers de la Fédération du corps enseignant secondaire genevois;1918/1925;1918/1925;0.1 m.;Fédération du corps enseignant secondaire genevois;Collectivités;Normal;https://archives.bge-geneve.ch/ark:/17786/vta9c77dd0156c6faba
"CH BGE Ms. fr. 1386; non catalogué (2001/22)";Papiers Méril Catalan;1850;1850;0.3 m.;Catalan, Méril (1817-1885);Personnes et familles;Normal;https://archives.bge-geneve.ch/ark:/17786/vtaa6f846058435298c
CH BGE Ms. fr. 3401-3429, 3431-3460;Papiers Amé Jules Pictet;1850-1937;1850/1937;2.5 m;Pictet, Amé Jules (1857-1937);Personnes et familles;Normal;https://archives.bge-geneve.ch/ark:/17786/vtadc55fa1bcaa07e1f
CH BGE Non catalogué (1989/029, 1991/023, 2003/021);Papiers Pierre Pidoux;20e s.;1940/1999;7.4 m.;Pidoux, Pierre (1905-2001);Personnes et familles;Normal;https://archives.bge-geneve.ch/ark:/17786/vta10be2a949b2917b2
CH BGE Ms. fr. 3975-4000;Papiers René Claparède;1883-1939;1883/1939;1.7 m.;Claparède, René (1863-1928);Personnes et familles;Normal;https://archives.bge-geneve.ch/ark:/17786/vtad2dfda00e1fc3278
CH BGE Non catalogué (2002/033);Papiers Marie-Thérèse Coullery;1948-1987 et s.d.;1948/1987;0.4 m.;Coullery, Marie-Thérèse (1929-2000);Personnes et familles;Normal;https://archives.bge-geneve.ch/ark:/17786/vta76f7d931ae0bbd4f
CH BGE Ms. fr. 6763-6772;Papiers Auguste Micaël Lemaitre;1872-1921;1872/1921;0.5 m.;Lemaitre, Auguste Micaël (1857-1922);Personnes et familles;Normal;https://archives.bge-geneve.ch/ark:/17786/vta978f0a55e91ab11e
CH BGE Ms. fr. 6601-6695;Fonds Auguste Lemaitre;1866-1970;1866/1970;4.3 m.;Lemaitre, Auguste (1887-1970);Personnes et familles;Normal;https://archives.bge-geneve.ch/ark:/17786/vta6c969174af664dce
CH BGE Ms. mus. 1253-1286;Papiers Gustave Ferrari;1879-1948;1879/1948;1.6 m.;Ferrari, Gustave (1872-1948);Personnes et familles;Normal;https://archives.bge-geneve.ch/ark:/17786/vta2cf28fb7b858b993
CH BGE Ms. fr. 7814-7828;Manuscrits Jean-Pierre Henry;19e s.;1814/1877;0.5 m.;Henry, Jean-Pierre (1814-1877);Personnes et familles;Normal;https://archives.bge-geneve.ch/ark:/17786/vta32bfa43386cf2c18
CH BGE Ms. fr. 1047, 6501-6506;Papiers Théophile Heyer;1789-1916;1789/1916;0.5 m.;Heyer, Théophile (1804-1871);Personnes et familles;Normal;https://archives.bge-geneve.ch/ark:/17786/vta15f5f9952aeb44c9
CH BGE Non catalogué (2003/055);Papiers Jean Rudhardt;20e - 21e s.;1900/2099;22 m.;Rudhardt, Jean (1922-2003);Personnes et familles;Normal;https://archives.bge-geneve.ch/ark:/17786/vta3f883c8d11d77c0b
CH BGE Ms. fr. 2071-2117, 4501-4616;Papiers Henry Dunant;1828-1939;1828/1939;2.5 m.;Dunant, Henry (1828-1910);Personnes et familles;Normal;https://archives.bge-geneve.ch/ark:/17786/vtaa8a595805df0f594
CH BGE Ms. suppl. 851, 1136-1140;Papiers Jacques-André Lullin de Châteauvieux;1549-1796;1549/1796;0.2 m;Lullin de Châteauvieux, Jacques-André (1728-1816);Personnes et familles;Normal;https://archives.bge-geneve.ch/ark:/17786/vtaa5ba0502757afb1b
CH BGE non catalogué (2008/016);Archives de la famille Geisendorf-Des Gouttes;19e - 20e s.;1800/1999;6 m.;Geisendorf-Des Gouttes, famille (19e - 20e s.);Personnes et familles;Normal;https://archives.bge-geneve.ch/ark:/17786/vtaa3d603771104f86c
CH BGE Ms. fr. 7932-7938;Papiers Serge Serguéyeff;1863-1871;1863/1871;0.4 m;Serguéyeff, Serge (1821-1891);Personnes et familles;Normal;https://archives.bge-geneve.ch/ark:/17786/vta592707f3427cf8ec
CH BGE Ms. fr. 5215-5284;Papiers Henri de Ziegler;1903-1971;1903/1971;6.1 m;Ziegler, Henri de (1885-1970);Personnes et familles;Normal;https://archives.bge-geneve.ch/ark:/17786/vtab7f70b3af165d192
CH BGE Ms. fr. 1483-1505;Archives de la famille Stroehlin;1780-1981;1780/1981;4,1 m;Stroehlin, famille;Personnes et familles;Normal;https://archives.bge-geneve.ch/ark:/17786/vtabc9cf641459e7a4c
CH BGE Ms. fr. 6836-6865, 7650-7729;Archives de la famille Picot;1582-1997;1582/1997;9 m;Picot, famille (18e - 20e s.);Personnes et familles;Normal;https://archives.bge-geneve.ch/ark:/17786/vta15560701ccbe2d4d
CH BGE Non catalogué (1934/065);Archives de la famille Rigaud;16e - 19e s.;1500/1899;1 m.;Rigaud, famille (16e-19e s.);Personnes et familles;Normal;https://archives.bge-geneve.ch/ark:/17786/vtaf458e4f35d804d80
CH BGE Ms. fr. 7881-7894, 8027-8034;Collection Frédéric Gardy;1400-1978;1400/1978;1.7 m;Gardy, Frédéric (1870-1957) et Etat de Genève [?];Personnes et familles;Normal;https://archives.bge-geneve.ch/ark:/17786/vta8333172f78181496
"CH BGE Ms. fr. 4788-4800, 5753-5794; non catalogué ([1972 ?], 2000/012, 2014/003)";Archives de l'Association abolitionniste genevoise et de la Fédération abolitionniste internationale;1772-1997;1772/1997;6.8 m;Association abolitionniste genevoise (fondée en 1877) et Fédération abolitionniste internationale (fondée en 1875);Collectivités;Normal;https://archives.bge-geneve.ch/ark:/17786/vta3de6268904c1154f
CH BGE Ms. fr. 2511-2550b;Papiers Edouard Naville;1865-1926;1865/1926;3.5 m.;Naville, Edouard (1844-1926);Personnes et familles;Normal;https://archives.bge-geneve.ch/ark:/17786/vtaccedf4c4d1908492
CH BGE Ms. fr. 6701-6733;Archives de l'Union mondiale de la femme pour la concorde internationale;1912-1959;1912/1959;3 m;Union mondiale de la femme pour la concorde internationale (UMF);Collectivités;Normal;https://archives.bge-geneve.ch/ark:/17786/vta12110a6ede435408
CH BGE Non catalogué (2003/051);Papiers Louisa Sechehaye-Düss;20e - 21e s.;1900/2099;1,5 m.;Sechehaye-Düss, Louisa (1912-2002);Personnes et familles;Normal;https://archives.bge-geneve.ch/ark:/17786/vtab3c07b2273ab7863
CH BGE Ms. fr. 4001-4023, 8436-8441;Papiers Edouard Claparède;19e - 20e s.;1800/1999;1.6 m.;Claparède, Edouard (1873-1940);Personnes et familles;Normal;https://archives.bge-geneve.ch/ark:/17786/vta59f5831b5e6d27d9
CH BGE Ms. fr. 4731-4786;Archives de la famille Prevost;17e - 20e s.;1619/1929;2.04 m.l.;Prevost, famille (15e - 20e s.);Personnes et familles;Normal;https://archives.bge-geneve.ch/ark:/17786/vtad6cdf62c10e75c0b
CH BGE Ms. fr. 1272-1278;Archives de la Société de crémation de Genève;1884 - 1933;1884/1933;6 cartons et 1 volume;Société de crémation de Genève;Collectivités;Normal;https://archives.bge-geneve.ch/ark:/17786/vta6127c942a20e9c9b
CH BGE Ms. fr. 3401-3429, 3431-3460;Papiers Amé Jules Pictet;1850-1937;1850/1937;2.5 m;Pictet, Amé Jules (1857-1937);Personnes et familles;Normal;https://archives.bge-geneve.ch/ark:/17786/vta987ea42f5c1b2c6b
CH BGE Ms. suppl. 777-821;Papiers de la Bourse italienne;17e - 19e, avec copies de documents du 16e;1700/1890;0,84 ml;Bourse italienne;Collectivités;Normal;https://archives.bge-geneve.ch/ark:/17786/vta73cd9e52fd190fdf
CH BGE Ms. fr. 5301-5311, Ms. fr. 9028-9032 A;Archives Joseph-Marc Hornung;1838-1920;1838/1920;0.91 m;Hornung, famille (18e - 20e s.);Personnes et familles;Normal;https://archives.bge-geneve.ch/ark:/17786/vtace92ec74861478f7
CH BGE Ms. fr. 4164-4199, 5641-5660;Papiers des familles Odier et Soret;1765-1939;1765/1939;2.5 m.;Odier, famille (19e s.);Personnes et familles;Normal;https://archives.bge-geneve.ch/ark:/17786/vta2012c66bd76758a2
CH BGE Ms. fr. 6566-6594;Papiers Aldo Dami;1919-1980;1919/1980;2 m.;Dami, Aldo (1898-1977);Personnes et familles;Normal;https://archives.bge-geneve.ch/ark:/17786/vtac1356657624cbebe
CH BGE Non catalogué (2005/040);Papiers Louis Appia;1837-1875;1837/1875;0.1 m.;Appia, Louis (1818-1898);Personnes et familles;Normal;https://archives.bge-geneve.ch/ark:/17786/vta893d0379f6b32292
CH BGE Ms. fr. 7731-7765 bis;Fonds Paul Lambert;20e s.;1900-1999;3 m;Lambert, Paul (1918-2004);Personnes et familles;Normal;https://archives.bge-geneve.ch/ark:/17786/vtad88f306b9e90a8ed
CH BGE Non catalogué 1969/013;Papiers Pierre Arminjon;19e - 20e s.;1800/1999;0.8 m.;Arminjon, Pierre (1869-1960);Personnes et familles;Normal;https://archives.bge-geneve.ch/ark:/17786/vtac4b019d7aa20a570
CH BGE Ms. fr. 8042-8043;Papiers Jacques Secretan;1913-1927;1913/1927;0.1 m;Secretan, Jacques (1897-1964);Personnes et familles;Normal;https://archives.bge-geneve.ch/ark:/17786/vtaaf6a0e7b31194138
CH BGE Ms. fr. 1361-1363;Papiers Leo Ferrero;20e s.;1900/1999;0.2 m.;Ferrero, Leo (1903-1933);Personnes et familles;Normal;https://archives.bge-geneve.ch/ark:/17786/vta05217676c9cced23
"CH BGE Non catalogué (2004/027;2006/019; 2007/030)";Papiers Claude Richoz;20e - 21e s.;1900-2007;2.6 m.;Richoz, Claude (1929-2001);Personnes et familles;Normal;https://archives.bge-geneve.ch/ark:/17786/vta2846568f64ebdbb1
CH BGE Ms. fr. 2251-2302;Papiers Jules Pictet de Sergy;19e - 20e siècles;1809/1920;1 m.;Pictet de Sergy, Jules (1795-1888);Personnes et familles;Normal;https://archives.bge-geneve.ch/ark:/17786/vtadf33fc64e1bafebf
CH BGE Ms. fr. 7995-8023;Archives de la Société de géographie de Genève;1852-1992;1852/1992;2.8 m.;Société de géographie de Genève;Collectivités;Normal;https://archives.bge-geneve.ch/ark:/17786/vta3392a02bc6be1850
CH BGE Ms. suppl. 1501-1534;Archives du Cercle des artistes;1851-1906;1851/1906;0,7 m;Cercle des artistes (Genève);Collectivités;Normal;https://archives.bge-geneve.ch/ark:/17786/vtaf5136c4f8163ce11
CH BGE Ms. Compagnie des pasteurs 1-1040;Manuscrits de la Compagnie des pasteurs;17e - 20e siècles;1600/1999;38 m.;Compagnie des pasteurs et des diacres (Genève);Collectivités;Normal;https://archives.bge-geneve.ch/ark:/17786/vta5d25edba689f42ca
CH BGE Non catalogué;Papiers Albert Kohler;20e s.;1900/1999;2 m.;Kohler, Albert (né en 1873);Personnes et familles;Normal;https://archives.bge-geneve.ch/ark:/17786/vta68a81a1165536af0
CH BGE Ms. fr. 3631-3640;Papiers Louis-Charles Fazy-Cazenove;1686-1840;1686/1840;0.6 m;Fazy, Louis-Charles (1735-1804);Personnes et familles;Normal;https://archives.bge-geneve.ch/ark:/17786/vtae4cb02e79d57d9d9
CH BGE Non catalogué;Papiers Izkoleiba Scheftel;19e - 20e s.;1800/1999;4.5 m.;Scheftel Izkoleiba (1861-?);Personnes et familles;Normal;https://archives.bge-geneve.ch/ark:/17786/vtacce6bc3124170b0b
CH BGE Ms. fr. 8132-8146, 9052;Papiers Robert de Traz;1794-1977, principalement 1905-1950;1794/1977;1.4 mètre;Robert de Traz (1884-1951);Personnes et familles;Normal;https://archives.bge-geneve.ch/ark:/17786/vta50c0b12dd1de3074
CH BGE Ms. fr. 1710-1712;Papiers Elie Geisendorf;1829-1835;1829/1835;0.2 m.;Geisendorf, Elie (1799-1883);Personnes et familles;Description linéaire;https://archives.bge-geneve.ch/ark:/17786/vtaaf8db1dc7227e4af
CH BGE Ms. fr. 2118-2150;Manuscrits de Pierre-François Tingry;1767-1920;1767/1920;2.4 m.;Tingry, Pierre-François (1743-1821);Personnes et familles;Normal;https://archives.bge-geneve.ch/ark:/17786/vtad8dd287abe460261
CH BGE Ms. fr. 1536, 1730;Papiers Tommaso Riccardo Castiglione;20e s.;1900/1999;0.2 m.;Castiglione, Tommaso Riccardo (1901-1973);Personnes et familles;Normal;https://archives.bge-geneve.ch/ark:/17786/vta25267ccaae98ceaa
CH BGE Ms. fr. 745, Ms. fr. 1565-1573;Papiers Frédéric Barbey;1905-1960;1905/1960;0.8 m.;Barbey, Frédéric (1879-1970);Personnes et familles;Normal;https://archives.bge-geneve.ch/ark:/17786/vta4b9e05cd07d4c3ac
CH BGE Ms. fr. 5725-5726;Papiers Miecislas de Dukszta;1918-1950;1918/1950;0.2 m;Dukszta, Miecislas de (1883-1950);Personnes et familles;Normal;https://archives.bge-geneve.ch/ark:/17786/vta8776c0ac65af82a4
CH BGE Ms. fr. 481-493;Papiers Jean-Alphonse Turrettini;1606-1737;1606/1737;1 m;Turrettini, Jean-Alphonse (1671-1737);Personnes et familles;Normal;https://archives.bge-geneve.ch/ark:/17786/vtae62fc28884cb3c10
CH BGE Ms. fr. 3301-3400;Manuscrits David Claparède;18e s.;1700/1800;3.2 m.;Claparède, David (1727-1801);Personnes et familles;Description linéaire;https://archives.bge-geneve.ch/ark:/17786/vta673bee7db7fe03f7
"CH BGE Ms. fr. 1743; Ms. fr. 3871-3890";Papiers Alfred Cartier;1882-1919;1882/1919;2 ml;Cartier, Alfred (1854-1921);Personnes et familles;Normal;https://archives.bge-geneve.ch/ark:/17786/vtac2dee1673e7b0c73
CH BGE Ms. fr. 2461-2490, 1247, non catalogué (2014/44);Papiers Jean-André Deluc;1734 - 1824;1734/1824;1.5 m.;Deluc, Jean-André (1727-1817);Personnes et familles;Normal;https://archives.bge-geneve.ch/ark:/17786/vtad19e5b1deb16f00d
"CH BGE Non catalogué (2004/022; 2013/015)";Papiers Anouar Louca;20e s.;1950/1999;4.5 m;Louca, Anouar (1927-2003);Personnes et familles;Normal;https://archives.bge-geneve.ch/ark:/17786/vta40f79e452ede7e60
CH BGE Ms. fr. 5294-5300;Grammaires et dictionnaires de langues de Denys Droin;1840-1850;1840/1850;0.3 m;Droin, Denys (1804-1858);Personnes et familles;Description linéaire;https://archives.bge-geneve.ch/ark:/17786/vtaded47ccc97e2f9ce
CH BGE Ms. suppl. 1811-1839;Papiers Jean Gaberel;1803-1887;1803/1887;0.8 m;Gaberel, Jean (1810-1889);Personnes et familles;Normal;https://archives.bge-geneve.ch/ark:/17786/vta1f27c4a7e8802096
CH BGE Ms. Fr. 1293-1294;Papiers Victor Gautier;1919-1964;1919/1964;0.2 m.;Gautier, Victor (1891-1965);Personnes et familles;Normal;https://archives.bge-geneve.ch/ark:/17786/vtae43da850c3058dea
CH BGE Ms. fr. 569-572;Papiers Jacob-Elisée Cellérier;18e - 19e s.;1700/1899;0.3 m;Cellérier, Jacob-Elisée (1785-1862);Personnes et familles;Normal;https://archives.bge-geneve.ch/ark:/17786/vtaa62bbe3b6c6fe846
CH BGE non catalogué (2005/037);Papiers Herbert Graf;20e s.;1900/1999;13 m.;Graf, Herbert (1909-1973);Personnes et familles;Normal;https://archives.bge-geneve.ch/ark:/17786/vta2e5db262017a47c5
CH BGE non catalogué (2004/053);Papiers Philippe Gilliéron;20e - 21e s.;1900/2005;4.5 m.;Gilliéron, Philippe (1924-2004);Personnes et familles;Normal;https://archives.bge-geneve.ch/ark:/17786/vta715c442c3715c880
CH BGE Non catalogué (1972/003);Papiers Henri Bartholdi;20e s.;1800/1999;1.2 m.;Bartholdi, Henri (1885-1972);Personnes et familles;Normal;https://archives.bge-geneve.ch/ark:/17786/vta7cd16181f9d99291
CH BGE Ms. fr. 4876-4880;Papiers Fernand Fournier-Marcigny;1906-1970;1906/1970;0.4 m;Fournier-Marcigny, Fernand (1896-1975);Personnes et familles;Normal;https://archives.bge-geneve.ch/ark:/17786/vta3b06a0c58c3c8a1f
CH BGE Ms. fr. 2331-2388, 4087-4099, 9036;Papiers Henry Spiess;1892 - 1939;1892/1939;1.5 m;Henry Spiess (1876-1940);Personnes et familles;Normal;https://archives.bge-geneve.ch/ark:/17786/vta8cef711f6804260a
CH BGE Non catalogué (1999/012);Papiers Edmond Beaujon;20e s.;1900/1999;0.7 m.;Beaujon, Edmond (1905-1989);Personnes et familles;Normal;https://archives.bge-geneve.ch/ark:/17786/vta44916e0feb7a6d8f
CH BGE Non catalogué (2013/35);Papiers Gabriel Widmer;1960-2003;1960/2003;2.5 m;Widmer, Gabriel (1923-2013);Personnes et familles;Normal;https://archives.bge-geneve.ch/ark:/17786/vta89e38fbae0cb5174
CH BGE Ms. suppl. 471-487, 1039-1044, Ms. fr. 631-644, 1008-1012;Papiers Jean Senebier;1608-1820;1608/1820;1.55 m.;Senebier, Jean (1742-1809);Personnes et familles;Normal;https://archives.bge-geneve.ch/ark:/17786/vta2fbf5a99d6ccb5a1
Ms. fr. 1236, 7646;Papiers Jean-Pierre Saint-Ours;1701-1878;1701/1878;0.2 m.;Saint-Ours, Jean-Pierre (1752-1809);Personnes et familles;Normal;https://archives.bge-geneve.ch/ark:/17786/vta2583f9df24ceb027
CH BGE Ms. fr. 697-700;Papiers Paul Chaix;19e s.;1800/1899;0.2 m;Chaix, Paul (1808-1901);Personnes et familles;Normal;https://archives.bge-geneve.ch/ark:/17786/vta22af1973a06cb727
CH BGE Ms. fr. 8127-8131;Papiers René Bovard;20e s.;1900/1999;0.5 m.;Bovard, René (1900-1983);Personnes et familles;Normal;https://archives.bge-geneve.ch/ark:/17786/vta9cb0a5af529f7fcd
CH BGE Ms. fr. 5801-5826, 7979-7994;Archives du Monument international de la Réformation et autres documents provenant de la Société du Musée historique de la Réformation;1835-1954;1835/1954;21.3 m;Société du Musée historique de la Réformation (1897- );Collectivités;Normal;https://archives.bge-geneve.ch/ark:/17786/vtadb951ed22ee7646a
CH BGE Ms. fr. 1430-1433, Ms. fr. 1744, Ms. fr. 9009/12;Papiers Alix de Watteville;1845-1964;1845/1964;0.3 m.;Watteville, Alix de (1889-1964), pseudonyme Alville;Personnes et familles;Normal;https://archives.bge-geneve.ch/ark:/17786/vta77687759c1eb599b
CH BGE Ms. fr. 916-933;Papiers Etienne-Salomon Reybaz;1760-1822;1760/1822;1.1 m.;Reybaz, Etienne-Salomon, 1737-1804;Personnes et familles;Normal;https://archives.bge-geneve.ch/ark:/17786/vta69b3f37b2da9e067
"CH BGE Ms. fr. 650, 652, 656-657 ; Ms. suppl. 384";Papiers Gabriel Cramer;1728-1751;1728/1751;0.4 m;Cramer, Gabriel (1704-1752);Fonds/CategorieFonds ABSENT;Fonds/TypeInstrumentRecherche ABSENT;https://archives.bge-geneve.ch/ark:/17786/vtaee1101ff521de7a5
CH BGE Non catalogué (2005/010);Fonds Franz Leenhardt;20e s.;1900/1999;3.5 m.;Leenhardt, Franz (1902-1990);Personnes et familles;Normal;https://archives.bge-geneve.ch/ark:/17786/vta550f7381cceda292
CH BGE Ms. fr. 8247-8258;Collection d'autographes Curtet;1800-1937;1800/1937;1 m;Curtet, Jean-Christophe;Personnes et familles;Normal;https://archives.bge-geneve.ch/ark:/17786/vtaa90f973d1e300ce0
CH BGE Ms. fr. 4361-4442;Papiers Victor Martin;1886-1963;1886/1963;5.8 m;Martin, Victor (1886-1964);Personnes et familles;Normal;https://archives.bge-geneve.ch/ark:/17786/vta43ca646770305cbb
CH BGE Ms. fr. 1368-1373;Manuscrits Fernand Benoît;1906-1959;1906/1959;0.5 m.;Benoît, Fernand (1885?-1962);Personnes et familles;Description linéaire;https://archives.bge-geneve.ch/ark:/17786/vta9c476e6f2cff559e
CH BGE Ms fr. 1615-1619;Papiers Pierre Schmidtmeyer;1795-1829;1795/1829;4 cartons et 1 volume;Schmidtmeyer, Pierre (1772-1829);Personnes et familles;Normal;https://archives.bge-geneve.ch/ark:/17786/vta4a258aff2b76bc22
CH BGE Non catalogué (2004/031);Papiers de la famille Appia;18e-19e s.;1700/1899;0.1 m.;Appia, famille (18e-19e s.);Personnes et familles;Normal;https://archives.bge-geneve.ch/ark:/17786/vta613e3c2055d02e34
"CH BGE Non catalogué (2011/34; 2013/20)";Papiers Pierre Reymond;1979-2002;1979/2002;1.5 m;Reymond, Pierre (1931-2003);Personnes et familles;Normal;https://archives.bge-geneve.ch/ark:/17786/vta7c40f96d5baa105d
CH BGE Non catalogué (1994/005);Papiers Pierre Holdener;20e - 21e s.;1900/2099;0.5 m.;Holdener, Pierre;Personnes et familles;Normal;https://archives.bge-geneve.ch/ark:/17786/vtaa1e8ff7535e6a1d0
CH BGE Ms. fr. 296-300;Correspondance Jacob Vernes;1748-1791;1748/1791;0.3 m;Vernes, Jacob (1728-1791);Personnes et familles;Normal;https://archives.bge-geneve.ch/ark:/17786/vta8de6c2ef34892a6c
CH BGE Ms. fr. 1323-1324;Autographes de la Collection Paul Chaponnière;1795-1924;1795/1824;0.2 m.;Chaponnière, Paul (1883-1956);Personnes et familles;Normal;https://archives.bge-geneve.ch/ark:/17786/vta3a9669997d377762
"CH BGE cotes diverses; non catalogué (2004/51; 2006/27; 2010/4; 2012/8, 2016/24)";Papiers Jean-Claude Fontanet;1930-2009;1930/2009;33 m;Fontanet, Jean-Claude (1925-2009);Personnes et familles;Normal;https://archives.bge-geneve.ch/ark:/17786/vta04bc628c8c783757
"CH BGE non catalogué (2004/021; 2005/026)";Papiers Rudolf Engler;20e s.- 2003;1901/2003;10 m.;Engler, Rudolf (1930-2003);Personnes et familles;Normal;https://archives.bge-geneve.ch/ark:/17786/vta05d1f6bd756c5755
CH BGE Ms. suppl. 1766-1785bis;Collection Henri Boissier;1707-1839;1707/1839;1 m;Boissier, Henri (1762-1845);Personnes et familles;Normal;https://archives.bge-geneve.ch/ark:/17786/vta3c9a1e7adf8f64b6
CH BGE Ms. fr. 1112-1121, 1156-1193, 1809-1812;Papiers Charles Du Bois-Melly;1226-1904;1226/1904;1.6 m.;Du Bois-Melly, Charles (1821-1905);Personnes et familles;Normal;https://archives.bge-geneve.ch/ark:/17786/vta46124dc2e6afb12a
CH BGE Ms. fr. 1644-1646, 6786-6831;Papiers Alfred Boissier;1679-1946;1679/1946;4 m;Boissier, Alfred (1867-1945);Personnes et familles;Normal;https://archives.bge-geneve.ch/ark:/17786/vta87c0e00f42935736
CH BGE Ms. fr. 579-580, 595-596;Papiers Georges Berguer;1892-1946;1892/1946;0.2 m;Berguer, Georges (1873-1945);Personnes et familles;Normal;https://archives.bge-geneve.ch/ark:/17786/vtaf711a0d01d4218de
CH BGE Ms. fr. 3671-3728;Papiers Charles-François Brot;1791-1949 et sans date;1791/1949;1.6 m;Brot, Charles-François (1823-1895);Personnes et familles;Normal;https://archives.bge-geneve.ch/ark:/17786/vta7f69b6b112c7a698
CH BGE Ms. Lullin 1-78;Papiers Ami Lullin;17e - 19e s.;1600/1899;2.4 m.;Lullin, Ami (1695-1756);Personnes et familles;Normal;https://archives.bge-geneve.ch/ark:/17786/vta0528c4753e010c19
CH BGE Ms. fr. 2601-2609;Correspondance Charles Ritter;1853-1910;1853/1910;0.5 m;Ritter, Charles (1838-1908);Personnes et familles;Normal;https://archives.bge-geneve.ch/ark:/17786/vtaf23fccd054efd8f6
CH BGE Ms. fr. 1237-1240, 4881-4890, 8550-8563;Papiers Jean Violette;19e - 20e s.;1800/1999;2 m;Violette, Jean (1876-1964), pseudonyme de Jean Frédéric von Gunten;Personnes et familles;Normal;https://archives.bge-geneve.ch/ark:/17786/vta83e51b3f95ebb392
CH BGE Ms. fr. 5290-5293;Papiers Théodore Wälti;1910-1916;1910/1916;0.3 m;Wälti, Théodore (1862-1916);Personnes et familles;Normal;https://archives.bge-geneve.ch/ark:/17786/vta5a4e43f3a97e7c49
CH BGE Ms. fr. 1295-1298;Papiers Paul-Georges Chevalley;1923-1930;1923/1930;0.3 m.;Chevalley, Paul-Georges (1906-1930);Personnes et familles;Normal;https://archives.bge-geneve.ch/ark:/17786/vta3fc9290ce59cf533
"CH BGE Ms. mus. 457-500; non catalogué (2009/1)";Papiers Pierre Maurice;19e - 20e s.;1880/1936;5.7 m;Maurice, Pierre (1868-1936);Personnes et familles;Inventaire PDF;https://archives.bge-geneve.ch/ark:/17786/vtab8398b6da726a492
CH BGE Non catalogué (2019/35);Papiers Jean Marteau;20e siècle;1903/2002;1.8 ml;Marteau, Jean (1903-1970);Personnes et familles;Normal;https://archives.bge-geneve.ch/ark:/17786/vtaa1846a97867bf451
CH BGE Ms. fr. 3951-3974a, Arch. de Saussure 366-388, Arch. de Saussure 580;Archives Ferdinand de Saussure;1867-1920;1867/1920;4 ml.;Saussure, Ferdinand de (1857-1913);Personnes et familles;Normal;https://archives.bge-geneve.ch/ark:/17786/vta01d046d929f231ba
CH BGE non catalogué (2000/31);Papiers Jacques Necker;18e s.;1750/1799;1.3 m.;Necker, Jacques (1732-1804);Personnes et familles;Normal;https://archives.bge-geneve.ch/ark:/17786/vta403b171d83ef1016
CH BGE Ms. fr. 3624-3630;Papiers Chrétien Des Loges;fin 16e - 19e s.;1575/1822;0.2 m;Des Loges, Chrétien (1760-1821);Personnes et familles;Normal;https://archives.bge-geneve.ch/ark:/17786/vtae5e5c390dc164ee9
CH BGE Ms. Rousset 1-181;Papiers Jean Rousset;2ème moitié du 20e siècle;1940/2000;17 m.;Rousset, Jean (1910-2002);Personnes et familles;Normal;https://archives.bge-geneve.ch/ark:/17786/vtabd78f4cc18a9f59e
CH BGE Ms. fr. 1341-1342, 3171-3192;Papiers David Dunant;1771-1939;1771/1939;1.4 m;Dunant, David (1784-1872);Personnes et familles;Normal;https://archives.bge-geneve.ch/ark:/17786/vtadb3874a86c3ef7f5
CH BGE Ms. Dumont 1-83;Manuscrits Etienne Dumont;1707-1945;1707/1945;3.9 m;Dumont, Etienne (1759-1829);Personnes et familles;Normal;https://archives.bge-geneve.ch/ark:/17786/vta51ebb3d0f7f66626
CH BGE Ms. suppl. 15, Ms. suppl. 690-695;Papiers Albert Richard;1862 et sans date;1862;0.3 m.;Richard, Albert (1801-1881);Personnes et familles;Normal;https://archives.bge-geneve.ch/ark:/17786/vtac423d1c6a98f33f7
CH BGE Non catalogué (2013/25);Papiers Pierre-André Jacot;circa 1950-1992;1950/1992;4 m;Jacot, Pierre-André (1923-2002);Personnes et familles;Normal;https://archives.bge-geneve.ch/ark:/17786/vta795b56df39dc7075
"CH BGE Ms. mus. 581-722, 724-1252; Non catalogué (2016/32)";Fonds Emile Jaques-Dalcroze;1821-1963 et sans date;1821/1963;22 m.;Jaques-Dalcroze, Emile (1865-1950);Personnes et familles;Inventaire mixte;https://archives.bge-geneve.ch/ark:/17786/vta200a4bbb8ef16f67
CH BGE Ms. fr. 1786-1789;Papiers Hippolyte Aubert;12e siècle [copie du 19e siècle] - 1916;1100/1916;4.4 m.;Aubert, Hippolyte-Victor (1865-1923);Personnes et familles;Normal;https://archives.bge-geneve.ch/ark:/17786/vta8b0c6966bddbc15e
CH BGE Ms. fr. 671-675;Correspondance Jean-Alfred Gautier;1814-1880;1814/1880;0.2 m.;Gautier, Jean-Alfred (1793-1881);Personnes et familles;Normal;https://archives.bge-geneve.ch/ark:/17786/vta53698bc0dc6c4b2f
CH BGE Ms. fr. 5731-5751, 5831-5840;Archives de l'Union des femmes de Genève;1890-1977;1890/1977;2.3 m;Union des femmes de Genève (1891- );Collectivités;Normal;https://archives.bge-geneve.ch/ark:/17786/vta1caf0659d9e8d0d1
"CH BGE Ms. fr. 650, 652, 656-657 ; Ms. suppl. 384";Papiers Gabriel Cramer;1728-1751;1728/1751;0.4 m;Cramer, Gabriel (1704-1752);Personnes et familles;Normal;https://archives.bge-geneve.ch/ark:/17786/vta8c46e9ffd4d72051
CH BGE Ms. fr. 850-868, 1210;Papiers Michel Léger;18e s.;1730/1745;0.7 m.;Léger, Michel (1685-1745);Personnes et familles;Normal;https://archives.bge-geneve.ch/ark:/17786/vta1139c09f13971676
CH BGE Non catalogué (2012/11);Papiers Edmond Perret;1964-1991;1964/1991;1 m;Perret, Edmond (1925-2012);Personnes et familles;Normal;https://archives.bge-geneve.ch/ark:/17786/vta94dd997e91644988
CH BGE Arch. Gérald Cramer 1-69, Arch. Gérald Cramer Photocopies 1-8, Arch. Gérald Cramer Photos 1-769, Arch. Gérald Cramer Affiches 1-4;Archives Gérald Cramer;1943-1989;1943/1989;7.2 m.;Cramer, Gérald (1916-1991);Personnes et familles;Normal;https://archives.bge-geneve.ch/ark:/17786/vtafab2255d8cbe5978
CH BGE Ms. fr. 1109, Ms fr. 4991-4995;Papiers Frédéric Gardy;19e - 20e s.;1800/1999;0.5 m;Gardy, Frédéric (1870-1957);Personnes et familles;Normal;https://archives.bge-geneve.ch/ark:/17786/vta84e94d70cfa1f1bb
CH BGE Ms. fr. 587-588;Papiers Eugène Choisy;1893-1952;1893/1952;0.2 m.;Choisy, Eugène (1866-1949);Personnes et familles;Normal;https://archives.bge-geneve.ch/ark:/17786/vta9ff5bbd7c76f17ce
CH BGE Non catalogué (1999/010);Papiers Edouard Gros;19e - 20e s.;1800/1999;0.2 m.;Gros, Edouard (19e s. - après 1916);Personnes et familles;Normal;https://archives.bge-geneve.ch/ark:/17786/vta8543a17b17e49ead
CH BGE Ms. fr. 1575-1583;Papiers Edouard Schneider-Bonnet;1900-1939;1900/1939;1 m;Schneider, Edouard (ou Schneider-Bonnet) (1858-1942);Personnes et familles;Normal;https://archives.bge-geneve.ch/ark:/17786/vta381cb14a25998652
CH BGE Ms. fr. 3765-3800;Papiers de la famille Duval;1749-1954;1749/1954;1.6 m;Famille Duval (15e - 20e s.);Personnes et familles;Normal;https://archives.bge-geneve.ch/ark:/17786/vta29013dd4131f7ef8
CH BGE Non catalogué (2004/035, 2004/060);Papiers Eugénie Droz;1919-1976 et s.d.;1919/1976;0.8 m.;Droz, Eugénie (1893-1976);Personnes et familles;Normal;https://archives.bge-geneve.ch/ark:/17786/vta73f073790da884a3
CH BGE Ms. fr. 6081-6130;Papiers Claude Aubert;1944-1978;1944/1978;3 m;Aubert, Claude (1915-1972);Personnes et familles;Normal;https://archives.bge-geneve.ch/ark:/17786/vta687e9cf98daa2bf9
CH BGE Ms. Bonnet 1-94;Manuscrits Charles Bonnet;18e s.;1700/1799;4.8 m;Bonnet, Charles (1720-1793);Personnes et familles;Normal;https://archives.bge-geneve.ch/ark:/17786/vta67ac19b06f1f2b44
CH BGE Ms. fr. 1360;Papiers Georges Sorel;1914-1958;1914/1958;0.1 m.;Sorel, Georges (1847-1922);Personnes et familles;Normal;https://archives.bge-geneve.ch/ark:/17786/vta1af292351e348264
CH BGE Non catalogué (2001/006);Papiers Jean Vuilleumier;20e - 21e s.;1900/2099;0.8 m.;Vuilleumier, Jean (né en 1934);Personnes et familles;Normal;https://archives.bge-geneve.ch/ark:/17786/vta58917e2a856938d2
CH BGE Ms. Et. Combe 1-66;Papiers Etienne Combe;19e - 20e s.;1800/1999;5 m;Combe, Etienne (1881-1962);Personnes et familles;Normal;https://archives.bge-geneve.ch/ark:/17786/vtaa04b9902941487a7
CH BGE Ms. fr. 564-568;Papiers Jean-Isaac-Samuel Cellérier;1785-1821;1785/1821;0.3 m;Cellérier, Jean-Isaac-Samuel (1753-1844);Personnes et familles;Normal;https://archives.bge-geneve.ch/ark:/17786/vta39acf75c307dbbb4
"CH BGE Ms. mus. 110-113; non catalogué (1989/025, 026, 037, 1990/008, 026, 1991/014, 020, 030, 1992/04, 015)";Papiers Ernest Bloch;19e - 20e s.;1800/1999;2 m.;Bloch, Ernest (1880-1959);Personnes et familles;Normal;https://archives.bge-geneve.ch/ark:/17786/vta2f997b3421b84fa6
CH BGE Ms. fr. 8443-8445;Papiers François Dussaud;1881-1981;1881/1981;0.3 m;Dussaud, François (1870-1953);Personnes et familles;Normal;https://archives.bge-geneve.ch/ark:/17786/vtaa4f1b015db13172f
CH BGE Non catalogué (1976/024);Papiers Robert Rahn;20e s.;1900/1999;2.5 m.;Rahn, Robert (1899-1974);Personnes et familles;Normal;https://archives.bge-geneve.ch/ark:/17786/vtafbc7d5169272af07
CH BGE Ms. fr. 7811-7812;Correspondance Lucienne Florentin;1909-1999;1909/1999;0.4 m;Florentin, Lucienne (1872-1942);Personnes et familles;Normal;https://archives.bge-geneve.ch/ark:/17786/vta70ab966d33cd6fde
CH BGE Non catalogué (1994/011);Papiers Jean Hort;19e - 20e s.;1800/1999;0.9 m.;Hort, Jean (1898-1968);Personnes et familles;Normal;https://archives.bge-geneve.ch/ark:/17786/vta3910e1c82746197c
CH BGE Ms. fr. 6738-6758;Papiers Benjamin Crud;18e - 19e s.;1700/1899;1 m.;Crud, (Elie Victor) Benjamin (1772-1845);Personnes et familles;Normal;https://archives.bge-geneve.ch/ark:/17786/vtaa113fc47b94de03d
CH BGE Ms. fr. 2195-2237;Papiers Isaac Benrubi;1906-1943;1906/1943;1.6 m.;Benrubi, Isaac (1876-1943);Personnes et familles;Normal;https://archives.bge-geneve.ch/ark:/17786/vtab564786de3b6537d
CH BGE Ms fr. 7437-7438;Papiers Marc Ponson;1812-1950;1812/1950;2 cartons, 0.2 m.;Marc Ponson (1870-1950);Personnes et familles;Normal;https://archives.bge-geneve.ch/ark:/17786/vta2c491f7a74b1fe63
CH BGE Ms. fr. 1261-1264, 1564, 1884-1885, 9013;Papiers Gaspard Vallette;1854-1911;1854/1911;0.67 m;Vallette, Gaspard (1865-1911);Personnes et familles;Normal;https://archives.bge-geneve.ch/ark:/17786/vtaa5ed9df540652742
CH BGE Ms. fr. 1966;Papiers du Club jurassien (section de Genève), Association Féleu;c. 1878-1905;1878/1905;0.1 m.;Club jurassien, section de Genève (fondée en 1873);Collectivités;Normal;https://archives.bge-geneve.ch/ark:/17786/vtaa628072378f53ca1
CH BGE 1993/004;Papiers Charles Cornu;19e - 20e s.;1800/1999;1 m.;Cornu, Charles (1890-1966);Personnes et familles;Normal;https://archives.bge-geneve.ch/ark:/17786/vtaec44834d9aab9c4b
CH BGE Non catalogué (1995/009);Papiers Perceval Frutiger;19e - 20e s.;1800/1999;0.9 m.;Frutiger, Perceval (1896-1949);Personnes et familles;Normal;https://archives.bge-geneve.ch/ark:/17786/vtacb5d58510f469ae1
Ms. fr. 7216-7238;Famille Constantin et Abraham Constantin;1585-2003;1585/2003;1.7 m;Constantin, famille (16e-20e s.);Personnes et familles;Normal;https://archives.bge-geneve.ch/ark:/17786/vta2b3544a1deaef366
CH BGE Ms. fr. 1271, 3641-3667;Papiers Marc-Antoine Fazy-Pasteur;1793-1949;1700/1899;1.5 m;Fazy-Pasteur, Marc-Antoine (1778-1856);Personnes et familles;Normal;https://archives.bge-geneve.ch/ark:/17786/vta2ef8fe08fca7136f
CH BGE Ms. fr. 556-563;Papiers Jean-Henri Merle d'Aubigné;1808-1876;1808/1876;0.2 m.;Merle d'Aubigné, Jean-Henri (1794-1872);Personnes et familles;Normal;https://archives.bge-geneve.ch/ark:/17786/vtaf6994874898dbea8
"CH BGE Ms. suppl. 1715-1750; non catalogué (2013/039)";Papiers Edouard Rod;18e - 19e s.;1700/1899;2.5 m;Rod, Edouard (1857-1910);Personnes et familles;Normal;https://archives.bge-geneve.ch/ark:/17786/vta7df266675cb1aeb2
CH BGE non catalogué (2017/1);Papiers Georges Brosset;20e-21e siècle;1901/2011;4 ml.;Brosset, Georges (1910-2011);Personnes et familles;Normal;https://archives.bge-geneve.ch/ark:/17786/vta056241e16be72e59
CH BGE Ms. fr. 1366, Ms. fr. 6496-6500;La Vie Protestante;1944-1985;1944/1985;0.5 ml;La Vie Protestante (presse);Collectivités;Normal;https://archives.bge-geneve.ch/ark:/17786/vtaa1845b143fe5d550
"CH BGE Ms. mus. 571/3-5; non catalogué (1968/22, 1989/3, 1991/18, 1996/5, 1997/49, 1998/40, 1999/2, 2001/11, 2007/43, 2010/10, 2016/22)";Papiers Roger Vuataz;20e siècle;1900/1988;6 m.;Vuataz, Roger (1898-1988);Personnes et familles;Normal;https://archives.bge-geneve.ch/ark:/17786/vtad935d0bb3a7fbb6d
CH BGE Non catalogué (2014/12);Papiers Denis van Berchem;1950-2000;1950/2000;1 m;Berchem, Denis van (1908-1994);Personnes et familles;Normal;https://archives.bge-geneve.ch/ark:/17786/vtab72f66fd8c85cd4c
CH BGE Non catalogué (2003/041, 2004/017);Papiers Théo Roth;19e - 20e s.;1800/1999;0.3 m.;Roth, Théo (1894-1987);Personnes et familles;Normal;https://archives.bge-geneve.ch/ark:/17786/vtaa34326e86f285984
CH BGE Coll. Meunier [cotes diverses];Manuscrits, dessins et correspondances de la Collection Charles Meunier;1833-1946;1833/1946;0.4 m;Meunier, Charles (1868-1948);Personnes et familles;Normal;https://archives.bge-geneve.ch/ark:/17786/vta6e83d48e94d42541
CH BGE Ms. fr. 4040-4067;Papiers Alexis François;1900-1959;1900/1959;1.5 m;François, Alexis (1877-1958);Personnes et familles;Normal;https://archives.bge-geneve.ch/ark:/17786/vta782050af31f233af
CH BGE Ms. fr. 8169-8188;Fonds Henri Fehr;1829-1970;1829/1970;1,7 m.;Fehr, Henri (1870-1954);Personnes et familles;Normal;https://archives.bge-geneve.ch/ark:/17786/vta447d843d67cebdf1
